edges1,edges2
Earth (C-137),Citadel of Ricks
Earth (C-137),Worldender's lair
Earth (C-137),Bepis 9
Earth (C-137),Earth (Replacement Dimension)
Earth (C-137),Testicle Monster Dimension
Earth (C-137),Planet Squanch
Earth (C-137),Fantasy World
Earth (C-137),Gear World
Earth (C-137),Blips and Chitz
Citadel of Ricks,Earth (Replacement Dimension)
Citadel of Ricks,Testicle Monster Dimension
Citadel of Ricks,Planet Squanch
Worldender's lair,Interdimensional Cable
Worldender's lair,Immortality Field Resort
Worldender's lair,Bepis 9
Worldender's lair,Nuptia 4
Worldender's lair,St. Gloopy Noops Hospital
Worldender's lair,Earth (Replacement Dimension)
Worldender's lair,Testicle Monster Dimension
Worldender's lair,Signus 5 Expanse
Worldender's lair,Planet Squanch
Worldender's lair,Fantasy World
Worldender's lair,Gear World
Interdimensional Cable,Immortality Field Resort
Interdimensional Cable,Nuptia 4
Interdimensional Cable,St. Gloopy Noops Hospital
Interdimensional Cable,Earth (Replacement Dimension)
Interdimensional Cable,Signus 5 Expanse
Interdimensional Cable,Planet Squanch
Interdimensional Cable,Hamster in Butt World
Immortality Field Resort,Bepis 9
Immortality Field Resort,Nuptia 4
Immortality Field Resort,St. Gloopy Noops Hospital
Immortality Field Resort,Earth (Replacement Dimension)
Immortality Field Resort,Signus 5 Expanse
Immortality Field Resort,Planet Squanch
Immortality Field Resort,Gear World
Bepis 9,Earth (Replacement Dimension)
Bepis 9,Planet Squanch
Bepis 9,Fantasy World
Bepis 9,Gear World
Nuptia 4,Earth (Replacement Dimension)
Nuptia 4,Signus 5 Expanse
Nuptia 4,Planet Squanch
St. Gloopy Noops Hospital,Earth (Replacement Dimension)
St. Gloopy Noops Hospital,Signus 5 Expanse
St. Gloopy Noops Hospital,Planet Squanch
Mr. Goldenfold's dream,Earth (Replacement Dimension)
Earth (Replacement Dimension),Testicle Monster Dimension
Earth (Replacement Dimension),Signus 5 Expanse
Earth (Replacement Dimension),Planet Squanch
Earth (Replacement Dimension),Hamster in Butt World
Earth (Replacement Dimension),Fantasy World
Earth (Replacement Dimension),Gear World
Earth (Replacement Dimension),Blips and Chitz
Earth (Replacement Dimension),Earth (Phone Dimension)
Testicle Monster Dimension,Planet Squanch
Testicle Monster Dimension,Gear World
Testicle Monster Dimension,Blips and Chitz
Signus 5 Expanse,Planet Squanch
Signus 5 Expanse,Gear World
Planet Squanch,Fantasy World
Planet Squanch,Gear World
Fantasy World,Gear World
